filename	bytes	sha256
(FMG023) Application for Study Leave.docx	67387	cf66b95b9634f6601940a3d7f0400ccecd68cdf02510df6f3a01434c3c42bdf3
(LIB002) Library Membership Application (Students).docx	67176	0af61415af0408aa4b4635bfe10f7dea8f4e58085b326438edb509315df14dfa
(MKT003) Application for Admission Form Rev01.docx	218116	c650605bfb848cb91e200e08db4a128d5bd32b695109b9cd376821ccdc2de992
(REG005) Application for Certification Letter.docx	68211	297223bef6454265495c76c59749c3284edcfd06cf07a13c8fb8274419971972
(REG006) Application for Change of Programme.docx	72383	9b5b4c9c1c1e956958763d5463067074c27fe445223627ec3e4506a286308ce4
(REG007) Application for Certificate _ Result Transcript.docx	67897	7f1d6c0fd80fb40a3f3ce2f50694612ffff16157dc32d32173439ffc49fcb0fd
(REG008) Application for Appeal or Assessment Reconsideration.docx	70633	78e66467fe325852d7c025574415b0e54e09febc77d29818de3c9b1ae503d19d
(REG014) Add Course Form.docx	70985	8271056b98db04be7d94400787a329b003f4138325fbd7b53c1c662d27e5a6cc
(REG015) Drop Course Form.docx	70641	09ef4caab39a8414b4ad01613e5d730755ada213bbe90868542c661adcb10d4b
(REG017) Credit Transfer Application Assessment Form Rev01.docx	50269	2c76451a21a69426a4272c4b9612b4d8c9009b2183ed5af77e601be061594147
(REG024) Application Form (Microcredential - Short Courses).docx	131557	b4a99dabc5902256bf302f1cc8e6bd491c21611b2ca984de8dea06e2f826cb64
(SSD002) Student Feedback Form.docx	71917	fa00d60b2277ab85bc0012f6b7db88a556ed9ddeb96f4dcb27fa04fb224d144f
(SSD003) Student Accommodation Application Form(CJ).docx	51871	3490740e1cbb8e6703613714f071c39552882a8b342b41fa326baa1450f16d1c
(SSD003) Student Accommodation Application Form(CJ).pdf	900010	7c053eadc857cfd581044d0023b4a29900ecc641ee5de7c0ef3c266c4fc9f137
(SSD004) Accommodation Check Out Form.docx	67504	52a413bf6779ed96485c94bb30f2c086cccd67be9c0034a6bcca4c43bac90474
(SSD005) Accommodation Check In Form.docx	73646	5c2027b5fe01c42fb739b0547cd7c81dc3fef75d6e0a0407de0ff697db6479bb
(SSD006) Request For Change Room Form.docx	66807	de4430311e48aaf9fbb9aca9d160f7e9a03bd7333aff75648c4375a8f9b2ac11
(SSD007) Student Accomodation Refund Form.docx	69084	b1b4b2eb7a08d243b012f80e9b2ed6b1454d2283eebc1e49cf0b635f7c0de4fc
(SSD012) Airport Arrival Service Form.docx	71611	3aaebba339134e24f3461ac83739c87847fa8e9602161239f569c15b0360678b
(SSD014) Sport Utility Request Form.docx	69311	c227b9451516d1289d5f6ed31d17d3001445ad37fa902607c367f7b104268bbf
(Visa) Health-Examination-Report.pdf	1296467	ec5c3a4f2133859a84ac9076be17ea3e4b9ec3d3d4a8f4eb7977525082786599
(Visa) Lampiran_B_-_Health_Declaration_Form_For_Applicant.pdf	118282	f6ea2932dcb9ab7591b8b9898a8ab85c8ef836619ea3a6fd600f3a2d1bd6b56a
